{"cameraMode":{"drawMode":0,"name":"Shaded","section":"Shading Mode"},"sceneLighting":true,"audioPlay":false,"sceneViewState":{"m_AlwaysRefresh":false,"showFog":true,"showSkybox":true,"showFlares":true,"showImageEffects":true,"showParticleSystems":true,"showVisualEffectGraphs":true,"m_FxEnabled":true},"in2DMode":false,"pivot":{"x":10.260335922241211,"y":8.63687801361084,"z":10.917274475097657},"rotation":{"x":0.7039114832878113,"y":0.0031944101210683586,"z":-0.003167832503095269,"w":0.7102781534194946},"size":7.641903400421143,"orthographic":false}