{"cameraMode":{"drawMode":0,"name":"Shaded","section":"Shading Mode"},"sceneLighting":true,"audioPlay":false,"sceneViewState":{"m_AlwaysRefresh":false,"showFog":true,"showSkybox":true,"showFlares":true,"showImageEffects":true,"showParticleSystems":true,"showVisualEffectGraphs":true,"m_FxEnabled":true},"in2DMode":false,"pivot":{"x":2.70070219039917,"y":2.1954803466796877,"z":0.7268930077552795},"rotation":{"x":0.333853542804718,"y":-0.48241281509399416,"z":0.20561586320400239,"w":0.7833155393600464},"size":0.13667318224906922,"orthographic":false}